INSERT INTO billing_service_billing_account (
    id, customer_id, currency, balance, credit_limit, status, created_at, updated_at
)
VALUES
    ('55555555-5555-4555-8555-000000010482', '11111111-1111-4111-8111-000000010482', 'TRY', 0.0000, 5000.0000, 'ACTIVE', TIMESTAMP '2026-06-19 12:00:00', TIMESTAMP '2026-06-19 12:18:04'),
    ('55555555-5555-4555-8555-000000010479', '11111111-1111-4111-8111-000000010479', 'TRY', 0.0000, 2500.0000, 'ACTIVE', TIMESTAMP '2026-06-19 10:11:00', TIMESTAMP '2026-06-19 10:11:00'),
    ('55555555-5555-4555-8555-000000010461', '11111111-1111-4111-8111-000000010461', 'TRY', 3840.1500, 6000.0000, 'ACTIVE', TIMESTAMP '2026-06-18 09:20:00', TIMESTAMP '2026-06-19 12:40:00'),
    ('55555555-5555-4555-8555-000000010398', '11111111-1111-4111-8111-000000010398', 'TRY', 386.4000, 2000.0000, 'SUSPENDED', TIMESTAMP '2026-06-17 16:50:00', TIMESTAMP '2026-06-19 13:10:00')
ON CONFLICT (id) DO NOTHING;

INSERT INTO billing_service_billing_cycle (
    id, billing_account_id, cycle_type, period_start, period_end, status
)
VALUES
    ('55555555-5555-4555-8555-000000020482', '55555555-5555-4555-8555-000000010482', 'MONTHLY', DATE '2026-06-01', DATE '2026-06-30', 'CLOSED'),
    ('55555555-5555-4555-8555-000000020479', '55555555-5555-4555-8555-000000010479', 'MONTHLY', DATE '2026-06-01', DATE '2026-06-30', 'OPEN'),
    ('55555555-5555-4555-8555-000000020461', '55555555-5555-4555-8555-000000010461', 'MONTHLY', DATE '2026-06-01', DATE '2026-06-30', 'CLOSED'),
    ('55555555-5555-4555-8555-000000020398', '55555555-5555-4555-8555-000000010398', 'MONTHLY', DATE '2026-06-01', DATE '2026-06-30', 'CLOSED')
ON CONFLICT (id) DO NOTHING;

INSERT INTO subscription_projection (
    subscription_id, customer_id, tariff_id, subscription_status, billing_cycle_day, started_at, updated_at
)
VALUES
    ('22222222-2222-4222-8222-000000010482', '11111111-1111-4111-8111-000000010482', '44444444-4444-4444-8444-000000000040', 'ACTIVE', 1, TIMESTAMP '2026-06-19 14:34:00', TIMESTAMP '2026-06-19 14:34:00'),
    ('22222222-2222-4222-8222-000000010461', '11111111-1111-4111-8111-000000010461', '44444444-4444-4444-8444-000000000999', 'ACTIVE', 1, TIMESTAMP '2026-06-18 09:20:00', TIMESTAMP '2026-06-18 09:20:00'),
    ('22222222-2222-4222-8222-000000010398', '11111111-1111-4111-8111-000000010398', '44444444-4444-4444-8444-000000000020', 'SUSPENDED', 1, TIMESTAMP '2026-06-17 16:50:00', TIMESTAMP '2026-06-19 13:10:00')
ON CONFLICT (subscription_id) DO NOTHING;

INSERT INTO usage_projection (
    usage_id, subscription_id, customer_id, usage_type, quantity, unit, period_start, period_end, updated_at
)
VALUES
    ('66666666-6666-4666-8666-000000010481', '22222222-2222-4222-8222-000000010482', '11111111-1111-4111-8111-000000010482', 'DATA_MB', 33587.2000, 'MB', TIMESTAMP '2026-06-01 00:00:00', TIMESTAMP '2026-06-30 23:59:59', TIMESTAMP '2026-06-19 14:29:12'),
    ('66666666-6666-4666-8666-000000010482', '22222222-2222-4222-8222-000000010482', '11111111-1111-4111-8111-000000010482', 'VOICE_MIN', 920.0000, 'MIN', TIMESTAMP '2026-06-01 00:00:00', TIMESTAMP '2026-06-30 23:59:59', TIMESTAMP '2026-06-19 14:29:12'),
    ('66666666-6666-4666-8666-000000010461', '22222222-2222-4222-8222-000000010461', '11111111-1111-4111-8111-000000010461', 'DATA_MB', 78643.2000, 'MB', TIMESTAMP '2026-06-01 00:00:00', TIMESTAMP '2026-06-30 23:59:59', TIMESTAMP '2026-06-19 12:40:00')
ON CONFLICT (usage_id) DO NOTHING;

INSERT INTO billing_service_invoice (
    id, invoice_number, billing_account_id, billing_cycle_id, subscription_id, period_start, period_end,
    subtotal, tax_amount, total_amount, currency, status, issued_at, due_date, paid_at, created_at
)
VALUES
    ('55555555-5555-4555-8555-000000030482', 'FTR-2026-061842', '55555555-5555-4555-8555-000000010482', '55555555-5555-4555-8555-000000020482', '22222222-2222-4222-8222-000000010482', DATE '2026-06-01', DATE '2026-06-30', 1041.5800, 208.3200, 1249.9000, 'TRY', 'PAID', TIMESTAMP '2026-06-19 12:04:00', DATE '2026-06-29', TIMESTAMP '2026-06-19 12:18:04', TIMESTAMP '2026-06-19 12:04:00'),
    ('55555555-5555-4555-8555-000000030461', 'FTR-2026-061839', '55555555-5555-4555-8555-000000010461', '55555555-5555-4555-8555-000000020461', '22222222-2222-4222-8222-000000010461', DATE '2026-06-01', DATE '2026-06-30', 3200.1300, 640.0200, 3840.1500, 'TRY', 'OVERDUE', TIMESTAMP '2026-06-18 18:10:00', DATE '2026-06-28', NULL, TIMESTAMP '2026-06-18 18:10:00'),
    ('55555555-5555-4555-8555-000000030398', 'FTR-2026-061827', '55555555-5555-4555-8555-000000010398', '55555555-5555-4555-8555-000000020398', '22222222-2222-4222-8222-000000010398', DATE '2026-06-01', DATE '2026-06-30', 655.3300, 131.0700, 786.4000, 'TRY', 'PARTIALLY_PAID', TIMESTAMP '2026-06-18 07:40:00', DATE '2026-06-28', TIMESTAMP '2026-06-18 10:12:00', TIMESTAMP '2026-06-18 07:40:00')
ON CONFLICT (id) DO NOTHING;

INSERT INTO billing_service_invoice_item (
    id, invoice_id, product_code, description, quantity, unit_price, tax_rate, total_price
)
VALUES
    ('55555555-5555-4555-8555-000000040481', '55555555-5555-4555-8555-000000030482', 'ATL-40-P', 'Atlas 40 GB aylik ucret', 1.0000, 899.9000, 20.0000, 899.9000),
    ('55555555-5555-4555-8555-000000040482', '55555555-5555-4555-8555-000000030482', 'ADD-NIGHT-20GB', 'Gece 20 GB ek paket', 1.0000, 129.9000, 20.0000, 129.9000),
    ('55555555-5555-4555-8555-000000040483', '55555555-5555-4555-8555-000000030482', 'USAGE-OVERAGE', 'Data asimi', 4.2000, 20.0476, 20.0000, 84.2000),
    ('55555555-5555-4555-8555-000000040461', '55555555-5555-4555-8555-000000030461', 'ATL-UNL-P', 'Atlas Limitsiz aylik ucret', 1.0000, 1499.9000, 20.0000, 1499.9000),
    ('55555555-5555-4555-8555-000000040462', '55555555-5555-4555-8555-000000030461', 'ADD-ROAM-5GB', 'Yurt disi 5 GB ek paket', 1.0000, 249.9000, 20.0000, 249.9000),
    ('55555555-5555-4555-8555-000000040398', '55555555-5555-4555-8555-000000030398', 'ATL-20-P', 'Atlas 20 GB aylik ucret', 1.0000, 649.9000, 20.0000, 649.9000)
ON CONFLICT (id) DO NOTHING;
