INSERT INTO order_customer_snapshot_projection (
    customer_id, customer_number, full_name, customer_status, segment, last_event_id, source_updated_at, projected_at
)
VALUES
    ('11111111-1111-4111-8111-000000010482', 'CUS-10482', 'Derya Yilmaz', 'ACTIVE', 'VIP', 'aaaaaaaa-aaaa-4aaa-8aaa-000000010482', TIMESTAMPTZ '2026-06-19 14:32:00+03', TIMESTAMPTZ '2026-06-19 14:32:10+03'),
    ('11111111-1111-4111-8111-000000010479', 'CUS-10479', 'Mert Aksoy', 'PROSPECT', 'MASS', 'aaaaaaaa-aaaa-4aaa-8aaa-000000010479', TIMESTAMPTZ '2026-06-19 10:11:00+03', TIMESTAMPTZ '2026-06-19 10:11:10+03'),
    ('11111111-1111-4111-8111-000000010461', 'CUS-10461', 'Selin Arslan', 'ACTIVE', 'VIP', 'aaaaaaaa-aaaa-4aaa-8aaa-000000010461', TIMESTAMPTZ '2026-06-19 12:40:00+03', TIMESTAMPTZ '2026-06-19 12:40:10+03'),
    ('11111111-1111-4111-8111-000000010398', 'CUS-10398', 'Can Korkmaz', 'SUSPENDED', 'MASS', 'aaaaaaaa-aaaa-4aaa-8aaa-000000010398', TIMESTAMPTZ '2026-06-19 13:10:00+03', TIMESTAMPTZ '2026-06-19 13:10:10+03')
ON CONFLICT (customer_id) DO NOTHING;

INSERT INTO order_product_catalog_tariff_projection (
    tariff_id, tariff_code, tariff_name, amount, currency, tariff_status, last_event_id, source_updated_at, projected_at
)
VALUES
    ('44444444-4444-4444-8444-000000000020', 'ATL-20-P', 'Atlas 20 GB', 649.9000, 'TRY', 'ACTIVE', 'bbbbbbbb-bbbb-4bbb-8bbb-000000000020', TIMESTAMPTZ '2026-06-01 09:00:00+03', TIMESTAMPTZ '2026-06-01 09:00:10+03'),
    ('44444444-4444-4444-8444-000000000040', 'ATL-40-P', 'Atlas 40 GB', 899.9000, 'TRY', 'ACTIVE', 'bbbbbbbb-bbbb-4bbb-8bbb-000000000040', TIMESTAMPTZ '2026-06-01 09:00:00+03', TIMESTAMPTZ '2026-06-01 09:00:10+03'),
    ('44444444-4444-4444-8444-000000000999', 'ATL-UNL-P', 'Atlas Limitsiz', 1499.9000, 'TRY', 'ACTIVE', 'bbbbbbbb-bbbb-4bbb-8bbb-000000000999', TIMESTAMPTZ '2026-06-01 09:00:00+03', TIMESTAMPTZ '2026-06-01 09:00:10+03')
ON CONFLICT (tariff_id) DO NOTHING;

INSERT INTO customer_order (
    id, order_number, customer_id, order_type, plan_code, addon_codes, msisdn,
    sim_iccid, status, cancellation_reason, correlation_id, created_at, updated_at, completed_at
)
VALUES
    ('33333333-3333-4333-8333-000000010482', 'ORD-26-10482', '11111111-1111-4111-8111-000000010482', 'NEW_LINE', 'ATL-40-P', 'ADD-NIGHT-20GB,VAS-MUSIC-PREMIUM', '+905320000047',
     '89900100000000004821', 'COMPLETED', NULL, 'demo-mvp-order-seed', TIMESTAMP '2026-06-19 14:31:52', TIMESTAMP '2026-06-19 14:34:00', TIMESTAMP '2026-06-19 14:34:00'),
    ('33333333-3333-4333-8333-000000010483', 'ORD-26-10483', '11111111-1111-4111-8111-000000010482', 'NEW_LINE', 'ATL-20-P', NULL, '+905320000148',
     '89900100000000004822', 'COMPLETED', NULL, 'demo-mvp-order-seed', TIMESTAMP '2026-06-18 08:48:00', TIMESTAMP '2026-06-18 09:00:00', TIMESTAMP '2026-06-18 09:00:00'),
    ('33333333-3333-4333-8333-000000010461', 'ORD-26-10461', '11111111-1111-4111-8111-000000010461', 'NEW_LINE', 'ATL-UNL-P', 'ADD-ROAM-5GB', '+905420000083',
     '89900100000000004611', 'COMPLETED', NULL, 'demo-mvp-order-seed', TIMESTAMP '2026-06-18 09:10:00', TIMESTAMP '2026-06-18 09:20:00', TIMESTAMP '2026-06-18 09:20:00'),
    ('33333333-3333-4333-8333-000000010398', 'ORD-26-10398', '11111111-1111-4111-8111-000000010398', 'NEW_LINE', 'ATL-20-P', NULL, '+905050000029',
     '89900100000000003981', 'COMPLETED', NULL, 'demo-mvp-order-seed', TIMESTAMP '2026-06-17 16:35:00', TIMESTAMP '2026-06-17 16:50:00', TIMESTAMP '2026-06-17 16:50:00')
ON CONFLICT (id) DO NOTHING;

INSERT INTO order_saga_history (
    id, order_id, step_name, step_status, event_type, message, occurred_at
)
VALUES
    ('33333333-3333-4333-8333-000000020482', '33333333-3333-4333-8333-000000010482', 'ORDER_CREATED', 'COMPLETED', 'order-created', 'Order accepted', TIMESTAMP '2026-06-19 14:31:52'),
    ('33333333-3333-4333-8333-000000020483', '33333333-3333-4333-8333-000000010482', 'PAYMENT', 'COMPLETED', 'payment-captured', 'Payment captured', TIMESTAMP '2026-06-19 14:31:56'),
    ('33333333-3333-4333-8333-000000020484', '33333333-3333-4333-8333-000000010482', 'SUBSCRIPTION_ACTIVATION', 'COMPLETED', 'subscription-activated', 'Subscription activated', TIMESTAMP '2026-06-19 14:34:00'),
    ('33333333-3333-4333-8333-000000020485', '33333333-3333-4333-8333-000000010482', 'ORDER_COMPLETED', 'COMPLETED', 'order-completed', 'Order saga completed', TIMESTAMP '2026-06-19 14:34:00'),
    ('33333333-3333-4333-8333-000000020461', '33333333-3333-4333-8333-000000010461', 'ORDER_CREATED', 'COMPLETED', 'order-created', 'Order accepted', TIMESTAMP '2026-06-18 09:10:00'),
    ('33333333-3333-4333-8333-000000020462', '33333333-3333-4333-8333-000000010461', 'PAYMENT', 'WAITING', 'payment-retry-scheduled', 'Waiting for retry window', TIMESTAMP '2026-06-19 12:40:00')
ON CONFLICT (id) DO NOTHING;
