INSERT INTO customer_service_customer (
    id, identity_user_id, customer_number, customer_type, first_name, last_name,
    national_id, date_of_birth, segment, status, status_reason, created_at, updated_at
)
VALUES
    ('11111111-1111-4111-8111-000000010482', NULL, 'CUS-10482', 'INDIVIDUAL', 'Derya', 'Yilmaz',
     '32145678918', DATE '1992-08-12', 'VIP', 'ACTIVE', 'KYC approved for local MVP demo',
     TIMESTAMP '2026-06-19 14:24:00', TIMESTAMP '2026-06-19 14:32:00'),
    ('11111111-1111-4111-8111-000000010479', NULL, 'CUS-10479', 'INDIVIDUAL', 'Mert', 'Aksoy',
     '45123456706', DATE '1988-03-04', 'MASS', 'PROSPECT', 'KYC waiting for manual review',
     TIMESTAMP '2026-06-19 10:11:00', TIMESTAMP '2026-06-19 10:11:00'),
    ('11111111-1111-4111-8111-000000010461', NULL, 'CUS-10461', 'INDIVIDUAL', 'Selin', 'Arslan',
     '27987654342', DATE '1985-11-27', 'VIP', 'ACTIVE', 'High balance risk customer',
     TIMESTAMP '2026-06-18 09:05:00', TIMESTAMP '2026-06-19 12:40:00'),
    ('11111111-1111-4111-8111-000000010398', NULL, 'CUS-10398', 'INDIVIDUAL', 'Can', 'Korkmaz',
     '19876543261', DATE '1979-01-15', 'MASS', 'SUSPENDED', 'Suspended after failed payment retry',
     TIMESTAMP '2026-06-17 16:28:00', TIMESTAMP '2026-06-19 13:10:00')
ON CONFLICT (id) DO NOTHING;

INSERT INTO customer_service_address (
    id, customer_id, address_type, country, city, district, street, building_no, postal_code, is_default, created_at, updated_at
)
VALUES
    ('11111111-1111-4111-8111-000000020482', '11111111-1111-4111-8111-000000010482', 'BILLING', 'TR', 'Istanbul', 'Kadikoy', 'Kozyatagi Mah. Defne Sk.', '8/12', '34742', TRUE, TIMESTAMP '2026-06-19 14:24:00', TIMESTAMP '2026-06-19 14:24:00'),
    ('11111111-1111-4111-8111-000000020479', '11111111-1111-4111-8111-000000010479', 'BILLING', 'TR', 'Ankara', 'Cankaya', 'Bestekar Sk.', '19/4', '06680', TRUE, TIMESTAMP '2026-06-19 10:11:00', TIMESTAMP '2026-06-19 10:11:00'),
    ('11111111-1111-4111-8111-000000020461', '11111111-1111-4111-8111-000000010461', 'BILLING', 'TR', 'Izmir', 'Karsiyaka', 'Yali Cad.', '42', '35550', TRUE, TIMESTAMP '2026-06-18 09:05:00', TIMESTAMP '2026-06-18 09:05:00'),
    ('11111111-1111-4111-8111-000000020398', '11111111-1111-4111-8111-000000010398', 'BILLING', 'TR', 'Bursa', 'Nilufer', 'FSM Bulvari', '61/A', '16120', TRUE, TIMESTAMP '2026-06-17 16:28:00', TIMESTAMP '2026-06-17 16:28:00')
ON CONFLICT (id) DO NOTHING;

INSERT INTO customer_service_contact (
    id, customer_id, contact_type, contact_value, is_verified, is_primary, verified_at, created_at
)
VALUES
    ('11111111-1111-4111-8111-000000030482', '11111111-1111-4111-8111-000000010482', 'MOBILE', '+905320000047', TRUE, TRUE, TIMESTAMP '2026-06-19 14:25:00', TIMESTAMP '2026-06-19 14:24:00'),
    ('11111111-1111-4111-8111-000000030483', '11111111-1111-4111-8111-000000010482', 'EMAIL', 'derya.yilmaz@example.com', TRUE, FALSE, TIMESTAMP '2026-06-19 14:25:00', TIMESTAMP '2026-06-19 14:24:00'),
    ('11111111-1111-4111-8111-000000030479', '11111111-1111-4111-8111-000000010479', 'MOBILE', '+905350000012', TRUE, TRUE, TIMESTAMP '2026-06-19 10:15:00', TIMESTAMP '2026-06-19 10:11:00'),
    ('11111111-1111-4111-8111-000000030461', '11111111-1111-4111-8111-000000010461', 'MOBILE', '+905420000083', TRUE, TRUE, TIMESTAMP '2026-06-18 09:10:00', TIMESTAMP '2026-06-18 09:05:00'),
    ('11111111-1111-4111-8111-000000030398', '11111111-1111-4111-8111-000000010398', 'MOBILE', '+905050000029', TRUE, TRUE, TIMESTAMP '2026-06-17 16:35:00', TIMESTAMP '2026-06-17 16:28:00')
ON CONFLICT (id) DO NOTHING;

INSERT INTO customer_service_document (
    id, customer_id, document_type, document_number, file_url, verification_status,
    uploaded_by_user_id, uploaded_at, verified_at
)
VALUES
    ('11111111-1111-4111-8111-000000040482', '11111111-1111-4111-8111-000000010482', 'ID_CARD', '32145678918', 'demo://documents/derya-id-card', 'VERIFIED', NULL, TIMESTAMP '2026-06-19 14:24:00', TIMESTAMP '2026-06-19 14:32:00'),
    ('11111111-1111-4111-8111-000000040479', '11111111-1111-4111-8111-000000010479', 'ID_CARD', '45123456706', 'demo://documents/mert-id-card', 'PENDING', NULL, TIMESTAMP '2026-06-19 10:11:00', NULL),
    ('11111111-1111-4111-8111-000000040461', '11111111-1111-4111-8111-000000010461', 'ID_CARD', '27987654342', 'demo://documents/selin-id-card', 'VERIFIED', NULL, TIMESTAMP '2026-06-18 09:05:00', TIMESTAMP '2026-06-18 09:18:00')
ON CONFLICT (id) DO NOTHING;

INSERT INTO customer_service_consent (
    id, customer_id, consent_type, channel, is_granted, granted_at, revoked_at
)
VALUES
    ('11111111-1111-4111-8111-000000050482', '11111111-1111-4111-8111-000000010482', 'KVKK', 'SMS', TRUE, TIMESTAMP '2026-06-19 14:24:00', NULL),
    ('11111111-1111-4111-8111-000000050479', '11111111-1111-4111-8111-000000010479', 'KVKK', 'SMS', TRUE, TIMESTAMP '2026-06-19 10:11:00', NULL),
    ('11111111-1111-4111-8111-000000050461', '11111111-1111-4111-8111-000000010461', 'KVKK', 'EMAIL', TRUE, TIMESTAMP '2026-06-18 09:05:00', NULL),
    ('11111111-1111-4111-8111-000000050398', '11111111-1111-4111-8111-000000010398', 'KVKK', 'SMS', TRUE, TIMESTAMP '2026-06-17 16:28:00', NULL)
ON CONFLICT (customer_id, consent_type) DO NOTHING;

INSERT INTO customer_service_note (
    id, customer_id, author_user_id, note_text, created_at
)
VALUES
    ('11111111-1111-4111-8111-000000060482', '11111111-1111-4111-8111-000000010482', NULL, 'MVP demo: kota esigi ve acik destek talebi bulunan aktif musteri.', TIMESTAMP '2026-06-19 14:33:00'),
    ('11111111-1111-4111-8111-000000060461', '11111111-1111-4111-8111-000000010461', NULL, 'MVP demo: gecikmis fatura riski yuksek.', TIMESTAMP '2026-06-19 12:40:00')
ON CONFLICT (id) DO NOTHING;

INSERT INTO customer_service_audit_log (
    id, actor_user_id, action, entity_type, entity_id, old_value_json, new_value_json, correlation_id, created_at
)
VALUES
    ('11111111-1111-4111-8111-000000070482', NULL, 'KYC_APPROVED', 'CUSTOMER', '11111111-1111-4111-8111-000000010482', '{"status":"PROSPECT"}', '{"status":"ACTIVE"}', 'demo-mvp-customer-seed', TIMESTAMP '2026-06-19 14:32:00'),
    ('11111111-1111-4111-8111-000000070461', NULL, 'RISK_FLAGGED', 'CUSTOMER', '11111111-1111-4111-8111-000000010461', '{}', '{"reason":"OVERDUE_BALANCE"}', 'demo-mvp-customer-seed', TIMESTAMP '2026-06-19 12:40:00')
ON CONFLICT (id) DO NOTHING;
